Haselhuhn,Hazel Grouse,,,,,,,
Auerhuhn,Western Capercaillie,,,,,,,
Birkhuhn,Black Grouse,,,,,,,
Alpenschneehuhn,Rock Ptarmigan,,,,,,,
Steinhuhn,Rock Partridge,,,,,,,
Rebhuhn,Gray Partridge,,,,,,,
Wachtel,Common Quail,,,,,,,
Jagdfasan,Ring-necked Pheasant,Common Pheasant,,,,,,
Ringelgans,Brant Goose,,,,,,,
Rothalsgans,Red-breasted Goose,,,,,,,
Kanadagans,Canada Goose,,,,,,,
Weißwangengans,Barnacle Goose,,,,,,,
Streifengans,Bar-headed Goose,,,,,,,
Graugans,Graylag Goose,,,,,,,
Kurzschnabelgans,Pink-footed Goose,,,,,,,
Blässgans,Greater White-fronted Goose,,,,,,,
Zwerggans,Lesser White-fronted Goose,,,,,,,
Höckerschwan,Mute Swan,,,,,,,
Zwergschwan,Bewick's Swan,,,,,,,
Singschwan,Whooper Swan,,,,,,,
Nilgans,Egyptian Goose,,,,,,,
Brandgans,Common Shelduck,,,,,,,
Rostgans,Ruddy Shelduck,,,,,,,
Mandarinente,Mandarin Duck,,,,,,,
Knäkente,Garganey,,,,,,,
Blauflügelente,Blue-winged Teal,,,,,,,
Löffelente,Northern Shoveler,,,,,,,
Schnatterente,Gadwall,,,,,,,
Pfeifente,Eurasian Wigeon,,,,,,,
Kanadapfeifente,American Wigeon,,,,,,,
Stockente,Mallard,,,,,,,
Spießente,Northern Pintail,,,,,,,
Krickente,Eurasian Teal,,,,,,,
Carolinakrickente,Green-winged Teal,,,,,,,
Marmelente,Marbled Duck,,,,,,,
Kolbenente,Red-crested Pochard,,,,,,,
Tafelente,Common Pochard,,,,,,,
Moorente,Ferruginous Duck,,,,,,,
Ringschnabelente,Ring-necked Duck,,,,,,,
Reiherente,Tufted Duck,,,,,,,
Bergente,Greater Scaup,,,,,,,
Scheckente,Steller's Eider,,,,,,,
Prachteiderente,King Eider,,,,,,,
Eiderente,Common Eider,,,,,,,
Kragenente,Harlequin Duck,,,,,,,
Brillenente,Surf Scoter,,,,,,,
Samtente,Velvet Scoter,,,,,,,
Trauerente,Common Scoter,,,,,,,
Pazifiktrauerente,Black Scoter,,,,,,,
Eisente,Long-tailed Duck,,,,,,,
Schellente,Common Goldeneye,,,,,,,
Spatelente,Barrow's Goldeneye,,,,,,,
Zwergsäger,Smew,,,,,,,
Gänsesäger,Common Merganser,,,,,,,
Mittelsäger,Red-breasted Merganser,,,,,,,
Schwarzkopf-Ruderente,Ruddy Duck,,,,,,,
Weißkopf-Ruderente,White-headed Duck,,,,,,,
Alpensegler,Alpine Swift,,,,,,,
Mauersegler,Common Swift,,,,,,,
Fahlsegler,Pallid Swift,,,,,,,
Pazifiksegler,Pacific Swifts,,,,,,,
Haussegler,Little Swift,,,,,,,
Großtrappe,Great Bustard,,,,,,,
Steppenkragentrappe,Macqueen's Bustard,,,,,,,
Zwergtrappe,Little Bustard,,,,,,,
Häherkuckuck,Great Spotted Cuckoo,,,,,,,
Schwarzschnabelkuckuck,Black-billed Cuckoo,,,,,,,
Kuckuck,Common Cuckoo,,,,,,,
Steppenflughuhn,Pallas's Sandgrouse,,,,,,,
Straßentaube,Feral Pigeon,,,,,,,
Hohltaube,Stock Dove,,,,,,,
Ringeltaube,Common Wood-Pigeon,Common Wood Pigeon,,,,,,
Turteltaube,European Turtle Dove,,,,,,,
Orientturteltaube,Oriental Turtle Dove,,,,,,,
Türkentaube,Eurasian Collared Dove,,,,,,,
Carolinataube,Mourning Dove,,,,,,,
Wasserralle,Water Rail,,,,,,,
Wachtelkönig,Corn Crake,,,,,,,
Zwergsumpfhuhn,Baillon's Crake,,,,,,,
Tüpfelsumpfhuhn,Spotted Crake,,,,,,,
Purpurhuhn,Purple Swamphen,,,,,,,
Bronzesultanshuhn,Allen's Gallinule,,,,,,,
Teichhuhn,Eurasian Moorhen,Common Moorhen,,,,,,
Blässhuhn,Eurasian Coot,,,,,,,
Kanadakranich,Sandhill Crane,,,,,,,
Jungfernkranich,Demoiselle Crane,,,,,,,
Kranich,Common Crane,,,,,,,
Zwergtaucher,Little Grebe,,,,,,,
Bindentaucher,Pied-billed Grebe,,,,,,,
Rothalstaucher,Red-necked Grebe,,,,,,,
Haubentaucher,Great Crested Grebe,,,,,,,
Ohrentaucher,Horned Grebe,,,,,,,
Schwarzhalstaucher,Black-necked Grebe,,,,,,,
Rosaflamingo,Greater Flamingo,,,,,,,
Triel,Eurasian Stone-curlew,,,,,,,
Austernfischer,Eurasian Oystercatcher,,,,,,,
Stelzenläufer,Black-winged Stilt,,,,,,,
Säbelschnäbler,Pied Avocet,,,,,,,
Kiebitz,Northern Lapwing,,,,,,,
Steppenkiebitz,Sociable Lapwing,,,,,,,
Weißschwanzkiebitz,White-tailed Lapwing,,,,,,,
Goldregenpfeifer,European Golden Plover,,,,,,,
Tundra-Goldregenpfeifer,Pacific Golden Plover,,,,,,,
Prärie-Goldregenpfeifer,American Golden Plover,,,,,,,
Kiebitzregenpfeifer,Gray Plover,,,,,,,
Sandregenpfeifer,Common Ringed Plover,,,,,,,
Flussregenpfeifer,Little Ringed Plover,,,,,,,
Seeregenpfeifer,Kentish Plover,,,,,,,
Wüstenregenpfeifer,Greater Sand Plover,,,,,,,
Mornellregenpfeifer,Eurasian Dotterel,,,,,,,
Regenbrachvogel,Whimbrel,,,,,,,
Pfuhlschnepfe,Bar-tailed Godwit,,,,,,,
Uferschnepfe,Black-tailed Godwit,,,,,,,
Steinwälzer,Ruddy Turnstone,,,,,,,
Knutt,Red Knot,,,,,,,
Kampfläufer,Ruff,,,,,,,
Sumpfläufer,Broad-billed Sandpiper,,,,,,,
Spitzschwanz-Strandläufer,Sharp-tailed Sandpiper,,,,,,,
Bindenstrandläufer,Stilt Sandpiper,,,,,,,
Sichelstrandläufer,Curlew Sandpiper,,,,,,,
Temminckstrandläufer,Temminck's Stint,,,,,,,
Langzehen-Strandläufer,Long-toed Stint,,,,,,,
Rotkehl-Strandläufer,Red-necked Stint,,,,,,,
Sanderling,Sanderling,,,,,,,
Alpenstrandläufer,Dunlin,,,,,,,
Meerstrandläufer,Purple Sandpiper,,,,,,,
Bairdstrandläufer,Baird's Sandpiper,,,,,,,
Zwergstrandläufer,Little Stint,,,,,,,
Wiesenstrandläufer,Least Sandpiper,,,,,,,
Weißbürzel-Strandläufer,White-rumped Sandpiper,,,,,,,
Grasläufer,Buff-breasted Sandpiper,,,,,,,
Graubrust-Strandläufer,Pectoral Sandpiper,,,,,,,
Sandstrandläufer,Semipalmated Sandpiper,,,,,,,
Waldschnepfe,Eurasian Woodcock,,,,,,,
Zwergschnepfe,Jack Snipe,,,,,,,
Doppelschnepfe,Great Snipe,,,,,,,
Bekassine,Common Snipe,,,,,,,
Terekwasserläufer,Terek Sandpiper,,,,,,,
Wilsonwassertreter,Wilson's Phalarope,,,,,,,
Odinshühnchen,Red-necked Phalarope,,,,,,,
Thorshühnchen,Red Phalarope,,,,,,,
Flussuferläufer,Common Sandpiper,,,,,,,
Drosseluferläufer,Spotted Sandpiper,,,,,,,
Waldwasserläufer,Green Sandpiper,,,,,,,
Rotschenkel,Common Redshank,,,,,,,
Teichwasserläufer,Marsh Sandpiper,,,,,,,
Bruchwasserläufer,Wood Sandpiper,,,,,,,
Grünschenkel,Common Greenshank,,,,,,,
Rennvogel,Cream-colored Courser,,,,,,,
Rotflügel-Brachschwalbe,Collared Pratincole,,,,,,,
Schwarzflügel-Brachschwalbe,Black-winged Pratincole,,,,,,,
Dreizehenmöwe,Black-legged Kittiwake,,,,,,,
Elfenbeinmöwe,Ivory Gull,,,,,,,
Schwalbenmöwe,Sabine's Gull,,,,,,,
Dünnschnabelmöwe,Slender-billed Gull,,,,,,,
Bonapartemöwe,Bonaparte's Gull,,,,,,,
Lachmöwe,Black-headed Gull,,,,,,,
Zwergmöwe,Little Gull,,,,,,,
Rosenmöwe,Ross's Gull,,,,,,,
Aztekenmöwe,Laughing Gull,,,,,,,
Präriemöwe,Franklin's Gull,,,,,,,
Korallenmöwe,Audouin's Gull,,,,,,,
Schwarzkopfmöwe,Mediterranean Gull,,,,,,,
Fischmöwe,Pallas's Gull,,,,,,,
Sturmmöwe,Mew Gull,,,,,,,
Ringschnabelmöwe,Ring-billed Gull,,,,,,,
Mantelmöwe,Great Black-backed Gull,,,,,,,
Eismöwe,Glaucous Gull,,,,,,,
Polarmöwe,Iceland Gull,,,,,,,
Silbermöwe,European Herring Gull,,,,,,,
Kanadamöwe,American Herring Gull,,,,,,,
Steppenmöwe,Caspian Gull,,,,,,,
Mittelmeermöwe,Yellow-legged Gull,,,,,,,
Heringsmöwe,Lesser Black-backed Gull,,,,,,,
Lachseeschwalbe,Gull-billed Tern,,,,,,,
Raubseeschwalbe,Caspian Tern,,,,,,,
Rüppellseeschwalbe,Lesser Crested Tern,,,,,,,
Brandseeschwalbe,Sandwich Tern,,,,,,,
Schmuckseeschwalbe,Elegant Tern,,,,,,,
Zwergseeschwalbe,Little Tern,,,,,,,
Zügelseeschwalbe,Bridled Tern,,,,,,,
Rußseeschwalbe,Sooty Tern,,,,,,,
Rosenseeschwalbe,Roseate Tern,,,,,,,
Flussseeschwalbe,Common Tern,,,,,,,
Küstenseeschwalbe,Arctic Tern,,,,,,,
Weißbart-Seeschwalbe,Whiskered Tern,,,,,,,
Weißflügel-Seeschwalbe,White-winged Tern,,,,,,,
Trauerseeschwalbe,Black Tern,,,,,,,
Skua,Great Skua,,,,,,,
Spatelraubmöwe,Pomarine Skua,,,,,,,
Schmarotzerraubmöwe,Parasitic Jaeger,,,,,,,
Falkenraubmöwe,Long-tailed Jaeger,,,,,,,
Krabbentaucher,Little Auk,,,,,,,
Dickschnabellumme,Thick-billed Murre,,,,,,,
Trottellumme,Common Murre,,,,,,,
Tordalk,Razorbill,,,,,,,
Gryllteiste,Black Guillemot,,,,,,,
Papageitaucher,Atlantic Puffin,,,,,,,
Sterntaucher,Red-throated Loon,,,,,,,
Prachttaucher,Black-throated Loon,,,,,,,
Eistaucher,Great Northern Loon,,,,,,,
Gelbschnabeltaucher,Yellow-billed Loon,,,,,,,
Buntfuß-Sturmschwalbe,Wilson's Storm Petrel,,,,,,,
Schwarzbrauenalbatros,Black-browed Albatross,,,,,,,
Wellenläufer,Leach's Storm Petrel,,,,,,,
Eissturmvogel,Northern Fulmar,,,,,,,
Sepiasturmtaucher,Cory's Shearwater,,,,,,,
Atlantiksturmtaucher,Manx Shearwater,,,,,,,
Balearensturmtaucher,Balearic Shearwater,,,,,,,
Schwarzstorch,Black Stork,,,,,,,
Weißstorch,White Stork,,,,,,,
Basstölpel,Northern Gannet,,,,,,,
Weißbauchtölpel,Brown Booby,,,,,,,
Zwergscharbe,Pygmy Cormorant,,,,,,,
Krähenscharbe,European Shag,,,,,,,
Kormoran,Great Cormorant,,,,,,,
Sichler,Glossy Ibis,,,,,,,
Löffler,Eurasian Spoonbill,,,,,,,
Rohrdommel,Great Bittern,Eurasian Bittern,,,,,,
Zwergdommel,Little Bittern,,,,,,,
Nachtreiher,Black-crowned Night-Heron,,,,,,,
Rallenreiher,Squacco Heron,,,,,,,
Kuhreiher,Western Cattle Egret,,,,,,,
Graureiher,Gray Heron,,,,,,,
Purpurreiher,Purple Heron,,,,,,,
Silberreiher,Great Egret,,,,,,,
Seidenreiher,Little Egret,,,,,,,
Rosapelikan,Great White Pelican,,,,,,,
Krauskopfpelikan,Dalmatian Pelican,,,,,,,
Fischadler,Osprey,Western Osprey,,,,,,
Gleitaar,Black-winged Kite,,,,,,,
Bartgeier,Bearded Vulture,,,,,,,
Schmutzgeier,Egyptian Vulture,,,,,,,
Wespenbussard,European Honey-buzzard,,,,,,,
Gänsegeier,Griffon Vulture,,,,,,,
Mönchsgeier,Cinereous Vulture,,,,,,,
Schlangenadler,Short-toed Snake Eagle,,,,,,,
Schreiadler,Lesser Spotted Eagle,,,,,,,
Schelladler,Greater Spotted Eagle,,,,,,,
Zwergadler,Booted Eagle,,,,,,,
Steppenadler,Steppe Eagle,,,,,,,
Kaiseradler,Eastern Imperial Eagle,,,,,,,
Steinadler,Golden Eagle,,,,,,,
Habichtsadler,Bonelli's Eagle,,,,,,,
Sperber,Eurasian Sparrowhawk,,,,,,,
Habicht,Northern Goshawk,,,,,,,
Rohrweihe,Eurasian Marsh-Harrier,Western Marsh Harrier,,,,,,
Kornweihe,Hen Harrier,,,,,,,
Steppenweihe,Pallid Harrier,,,,,,,
Wiesenweihe,Montagu's Harrier,,,,,,,
Rotmilan,Red Kite,,,,,,,
Schwarzmilan,Black Kite,,,,,,,
Seeadler,White-tailed Eagle,,,,,,,
Raufußbussard,Rough-legged Buzzard,,,,,,,
Adlerbussard,Long-legged Buzzard,,,,,,,
Mäusebussard,Common Buzzard,,,,,,,
Schleiereule,Western Barn Owl,,,,,,,
Zwergohreule,Eurasian Scops Owl,,,,,,,
Schneeeule,Snowy Owl,,,,,,,
Uhu,Eurasian Eagle-Owl,,,,,,,
Waldkauz,Tawny Owl,,,,,,,
Habichtskauz,Ural Owl,,,,,,,
Sperbereule,Northern Hawk-Owl,,,,,,,
Sperlingskauz,Eurasian Pygmy Owl,,,,,,,
Steinkauz,Little Owl,,,,,,,
Raufußkauz,Boreal Owl,,,,,,,
Waldohreule,Long-eared Owl,,,,,,,
Sumpfohreule,Short-eared Owl,,,,,,,
Wiedehopf,Eurasian Hoopoe,,,,,,,
Blauracke,European Roller,,,,,,,
Eisvogel,Common Kingfisher,,,,,,,
Blauwangenspint,Blue-cheeked Bee-eater,,,,,,,
Bienenfresser,European Bee-eater,,,,,,,
Wendehals,Eurasian Wryneck,,,,,,,
Dreizehenspecht,Eurasian Three-toed Woodpecker,,,,,,,
Mittelspecht,Middle Spotted Woodpecker,,,,,,,
Kleinspecht,Lesser Spotted Woodpecker,,,,,,,
Blutspecht,Syrian Woodpecker,,,,,,,
Buntspecht,Great Spotted Woodpecker,,,,,,,
Weißrückenspecht,White-backed Woodpecker,,,,,,,
Schwarzspecht,Black Woodpecker,,,,,,,
Grünspecht,Eurasian Green Woodpecker,European Green Woodpecker,,,,,,
Grauspecht,Gray-headed Woodpecker,,,,,,,
Rötelfalke,Lesser Kestrel,,,,,,,
Turmfalke,Common Kestrel,,,,,,,
Rotfußfalke,Red-footed Falcon,,,,,,,
Eleonorenfalke,Eleonora's Falcon,,,,,,,
Merlin,Merlin,,,,,,,
Baumfalke,Eurasian Hobby,,,,,,,
Würgfalke,Saker Falcon,,,,,,,
Gerfalke,Gyrfalcon,,,,,,,
Wanderfalke,Peregrine Falcon,,,,,,,
Halsbandsittich,Rose-ringed Parakeet,,,,,,,
Braunwürger,Brown Shrike,,,,,,,
Neuntöter,Red-backed Shrike,,,,,,,
Isabellwürger,Isabelline Shrike,,,,,,,
Schwarzstirnwürger,Lesser Gray Shrike,,,,,,,
Raubwürger,Great Gray Shrike,,,,,,,
Rotkopfwürger,Woodchat Shrike,,,,,,,
Maskenwürger,Masked Shrike,,,,,,,
Pirol,Eurasian Golden Oriole,,,,,,,
Eichelhäher,Eurasian Jay,,,,,,,
Elster,Eurasian Magpie,,,,,,,
Tannenhäher,Spotted Nutcracker,,,,,,,
Alpendohle,Alpine Chough,,,,,,,
Dohle,Eurasian Jackdaw,,,,,,,
Saatkrähe,Rook,,,,,,,
Rabenkrähe,Carrion Crow,,,,,,,
Nebelkrähe,Hooded Crow,,,,,,,
Kolkrabe,Common Raven,Northern Raven,,,,,,
Seidenschwanz,Bohemian Waxwing,,,,,,,
Tannenmeise,Coal Tit,,,,,,,
Haubenmeise,Crested Tit,European Crested Tit,,,,,,
Sumpfmeise,Marsh Tit,,,,,,,
Weidenmeise,Willow Tit,,,,,,,
Blaumeise,Eurasian Blue Tit,,,,,,,
Kohlmeise,Great Tit,,,,,,,
Beutelmeise,Eurasian Penduline-Tit,,,,,,,
Bartmeise,Bearded Reedling,,,,,,,
Heidelerche,Wood Lark,,,,,,,
Feldlerche,Eurasian Skylark,,,,,,,
Haubenlerche,Crested Lark,,,,,,,
Ohrenlerche,Horned Lark,,,,,,,
Kurzzehenlerche,Greater Short-toed Lark,,,,,,,
Kalanderlerche,Calandra Lark,,,,,,,
Uferschwalbe,Sand Martin,,,,,,,
Rauchschwalbe,Barn Swallow,,,,,,,
Felsenschwalbe,Eurasian Crag Martin,,,,,,,
Mehlschwalbe,Common House-Martin,Common House Martin,,,,,,
Rötelschwalbe,Red-rumped Swallow,,,,,,,
Seidensänger,Cetti's Warbler,,,,,,,
Schwanzmeise,Long-tailed Tit,,,,,,,
Waldlaubsänger,Wood Warbler,,,,,,,
Berglaubsänger,Western Bonelli's Warbler,,,,,,,
Tienschan-Laubsänger,Hume's Leaf Warbler,,,,,,,
Gelbbrauen-Laubsänger,Yellow-browed Warbler,,,,,,,
Goldhähnchen-Laubsänger,Pallas's Leaf Warbler,,,,,,,
Bartlaubsänger,Radde's Warbler,,,,,,,
Dunkellaubsänger,Dusky Warbler,,,,,,,
Fitis,Willow Warbler,,,,,,,
Zilpzalp,Common Chiffchaff,,,,,,,
Iberienzilpzalp,Iberian Chiffchaff,,,,,,,
Kronenlaubsänger,Eastern Crowned Warbler,,,,,,,
Wacholderlaubsänger,Green Warbler,,,,,,,
Grünlaubsänger,Greenish Warbler,,,,,,,
Wanderlaubsänger,Arctic Warbler,,,,,,,
Drosselrohrsänger,Great Reed Warbler,,,,,,,
Mariskenrohrsänger,Moustached Warbler,,,,,,,
Seggenrohrsänger,Aquatic Warbler,,,,,,,
Schilfrohrsänger,Sedge Warbler,,,,,,,
Feldrohrsänger,Paddyfield Warbler,,,,,,,
Buschrohrsänger,Blyth's Reed Warbler,,,,,,,
Teichrohrsänger,Eurasian Reed Warbler,,,,,,,
Sumpfrohrsänger,Marsh Warbler,,,,,,,
Buschspötter,Booted Warbler,,,,,,,
Steppenspötter,Sykes's Warbler,,,,,,,
Blassspötter,Eastern Olivaceous Warbler,,,,,,,
Orpheusspötter,Melodious Warbler,,,,,,,
Gelbspötter,Icterine Warbler,,,,,,,
Strichelschwirl,Lanceolated Warbler,,,,,,,
Feldschwirl,Common Grasshopper Warbler,,,,,,,
Schlagschwirl,River Warbler,,,,,,,
Rohrschwirl,Savi's Warbler,,,,,,,
Zistensänger,Zitting Cisticola,,,,,,,
Mönchsgrasmücke,Eurasian Blackcap,,,,,,,
Gartengrasmücke,Garden Warbler,,,,,,,
Sperbergrasmücke,Barred Warbler,,,,,,,
Klappergrasmücke,Lesser Whitethroat,,,,,,,
Orpheusgrasmücke,Western Orphean Warbler,,,,,,,
Wüstengrasmücke,Asian Desert Warbler,,,,,,,
Dorngrasmücke,Greater Whitethroat,Common Whitethroat,,,,,,
Provencegrasmücke,Dartford Warbler,,,,,,,
Brillengrasmücke,Spectacled Warbler,,,,,,,
Ligurien-Bartgrasmücke,Moltoni's Warbler,,,,,,,
Samtkopf-Grasmücke,Sardinian Warbler,,,,,,,
Sommergoldhähnchen,Common Firecrest,,,,,,,
Wintergoldhähnchen,Goldcrest,,,,,,,
Zaunkönig,Eurasian Wren,,,,,,,
Kleiber,Eurasian Nuthatch,,,,,,,
Mauerläufer,Wallcreeper,,,,,,,
Waldbaumläufer,Eurasian Treecreeper,,,,,,,
Gartenbaumläufer,Short-toed Treecreeper,,,,,,,
Rosenstar,Rosy Starling,,,,,,,
Star,European Starling,Common Starling,,,,,,
Schieferdrossel,Siberian Thrush,,,,,,,
Erddrossel,White's Thrush,,,,,,,
Ringdrossel,Ring Ouzel,,,,,,,
Amsel,Eurasian Blackbird,Common Blackbird,,,,,,
Weißbrauendrossel,Eyebrowed Thrush,,,,,,,
Schwarzkehldrossel,Black-throated Thrush,,,,,,,
Rostflügeldrossel,Dusky Thrush,,,,,,,
Wacholderdrossel,Fieldfare,,,,,,,
Rotdrossel,Redwing,,,,,,,
Singdrossel,Song Thrush,,,,,,,
Misteldrossel,Mistle Thrush,,,,,,,
Wanderdrossel,American Robin,,,,,,,
Heckensänger,Rufous-tailed Scrub Robin,,,,,,,
Grauschnäpper,Spotted Flycatcher,,,,,,,
Rotkehlchen,European Robin,,,,,,,
Blaukehlchen,Bluethroat,,,,,,,
Sprosser,Thrush Nightingale,,,,,,,
Nachtigall,Common Nightingale,,,,,,,
Rubinkehlchen,Siberian Rubythroat,,,,,,,
Blauschwanz,Red-flanked Bluetail,,,,,,,
Trauerschnäpper,European Pied Flycatcher,,,,,,,
Halsbandschnäpper,Collared Flycatcher,,,,,,,
Zwergschnäpper,Red-breasted Flycatcher,,,,,,,
Hausrotschwanz,Black Redstart,,,,,,,
Gartenrotschwanz,Common Redstart,,,,,,,
Steinrötel,Common Rock Thrush,,,,,,,
Braunkehlchen,Whinchat,,,,,,,
Schwarzkehlchen,European Stonechat,,,,,,,
Pallasschwarzkehlchen,Siberian Stonechat ,,,,,,,
Steinschmätzer,Northern Wheatear,,,,,,,
Isabellsteinschmätzer,Isabelline Wheatear,,,,,,,
Wüstensteinschmätzer,Desert Wheatear,,,,,,,
Nonnensteinschmätzer,Pied Wheatear,,,,,,,
Wasseramsel,White-throated Dipper,,,,,,,
Haussperling,House Sparrow,,,,,,,
Feldsperling,Eurasian Tree Sparrow,,,,,,,
Steinsperling,Rock Sparrow,,,,,,,
Schneesperling,White-winged Snowfinch,,,,,,,
Alpenbraunelle,Alpine Accentor,,,,,,,
Bergbraunelle,Siberian Accentor,,,,,,,
Schwarzkehlbraunelle,Black-throated Accentor,,,,,,,
Heckenbraunelle,Dunnock,,,,,,,
Zitronenstelze,Citrine Wagtail,,,,,,,
Gebirgsstelze,Gray Wagtail,,,,,,,
Bachstelze,White Wagtail,,,,,,,
Spornpieper,Richard's Pipit,,,,,,,
Steppenpieper,Blyth's Pipit,,,,,,,
Brachpieper,Tawny Pipit,,,,,,,
Wiesenpieper,Meadow Pipit,,,,,,,
Baumpieper,Tree Pipit,,,,,,,
Waldpieper,Olive-backed Pipit,,,,,,,
Petschorapieper,Pechora Pipit,,,,,,,
Rotkehlpieper,Red-throated Pipit,,,,,,,
Pazifikpieper,Buff-bellied Pipit,,,,,,,
Bergpieper,Water Pipit,,,,,,,
Strandpieper,Eurasian Rock Pipit,,,,,,,
Buchfink,Common Chaffinch,,,,,,,
Bergfink,Brambling,,,,,,,
Kernbeißer,Hawfinch,,,,,,,
Hakengimpel,Pine Grosbeak,,,,,,,
Gimpel,Eurasian Bullfinch,,,,,,,
Wüstengimpel,Trumpeter Finch,,,,,,,
Karmingimpel,Common Rosefinch,,,,,,,
Grünfink,European Greenfinch,,,,,,,
Berghänfling,Twite,,,,,,,
Bluthänfling,Eurasian Linnet,Common Linnet,,,,,,
Polarbirkenzeisig,Arctic Redpoll,,,,,,,
Kiefernkreuzschnabel,Parrot Crossbill,,,,,,,
Fichtenkreuzschnabel,Red Crossbill,,,,,,,
Bindenkreuzschnabel,Two-barred Crossbill,,,,,,,
Stieglitz,European Goldfinch,,,,,,,
Zitronenzeisig,Citril Finch,,,,,,,
Girlitz,European Serin,,,,,,,
Erlenzeisig,Eurasian Siskin,,,,,,,
Spornammer,Lapland Longspur,,,,,,,
Schneeammer,Snow Bunting,,,,,,,
Grauammer,Corn Bunting,,,,,,,
Goldammer,Yellowhammer,,,,,,,
Fichtenammer,Pine Bunting,,,,,,,
Zippammer,Rock Bunting,,,,,,,
Steinortolan,Gray-necked Bunting,,,,,,,
Ortolan,Ortolan Bunting,,,,,,,
Grauortolan,Cretzschmar's Bunting,,,,,,,
Zaunammer,Cirl Bunting,,,,,,,
Zwergammer,Little Bunting,,,,,,,
Waldammer,Rustic Bunting,,,,,,,
Weidenammer,Yellow-breasted Bunting,,,,,,,
Kappenammer,Black-headed Bunting,,,,,,,
Braunkopfammer,Red-headed Bunting,,,,,,,
Maskenammer,Black-faced Bunting,,,,,,,
Rohrammer,Reed Bunting,,,,,,,
Meisenwaldsänger,Northern Parula,,,,,,,
Gluckente,Baikal Teal,,,,,,,
Sichelente,Falcated Duck,,,,,,,
Chileflamingo,Chilean Flamingo,,,,,,,
Singammer,Song Sparrow,,,,,,,
Nandu,Greater Rhea,,,,,,,
Truthuhn,Wild Turkey,,,,,,,
Rothuhn,Red-legged Partridge,,,,,,,
Zwergkanadagans,Cackling Goose,,,,,,,
Zwergschneegans,Ross's Goose,,,,,,,
Schneegans,Snow Goose,,,,,,,
Höckergans,Swan Goose (domestic form),,,,,,,
Schwarzschwan,Black Swan,,,,,,,
Brautente,Wood Duck,,,,,,,
Rotschulterente,Ringed Teal,,,,,,,
Bahamaente,White-cheeked Pintail,,,,,,,
Riesentafelente,Canvasback,,,,,,,
Rotkopfente,Redhead,,,,,,,
Büffelkopfente,Bufflehead,,,,,,,
Kappensäger,Hooded Merganser,,,,,,,
Palmtaube,Laughing Dove,,,,,,,
Kubaflamingo,American Flamingo,,,,,,,
Zwergflamingo,Lesser Flamingo,,,,,,,
Waldrapp,Northern Bald Ibis,,,,,,,
Küstenreiher,Western Reef Heron,,,,,,,
Rötelpelikan,Pink-backed Pelican,,,,,,,
Buntfalke,American Kestrel,,,,,,,
Lannerfalke,Lanner Falcon,,,,,,,
Gelbkopfamazone,Yellow-headed Amazon,,,,,,,
Blaustirnamazone,Turquoise-fronted Amazon,,,,,,,
Alexandersittich,Alexandrine Parakeet,,,,,,,
Elsterdohle,Daurian Jackdaw,,,,,,,
Bergkalanderlerche,Bimaculated Lark,,,,,,,
Hirtenmaina,Common Myna,,,,,,,
Fahldrossel,Pale Thrush,,,,,,,
Saharasteinschmätzer,White-crowned Wheatear,,,,,,,
Weißkehlammer,White-throated Sparrow,,,,,,,
Braunkopf-Kuhstärling,Brown-headed Cowbird,,,,,,,
Rosenbrust-Kernknacker,Rose-breasted Grosbeak,,,,,,,
Waldsaatgans,#,,,,,,,
Tundrasaatgans,Tundra Bean-Goose,,,,,,,
Kanadabergente,Lesser Scaup,,,,,,,
Kamtschatkasamtente,#,,,,,,,
Nachtschwalbe,#,,,,,,,
Pharaonennachtschwalbe,#,,,,,,,
Sandflughuhn,Black-bellied Sandgrouse,,,,,,,
Kleinsumpfhuhn,#,,,,,,,
Graukopf-Purpurhuhn,#,,,,,,,
Wermutregenpfeifer,Caspian Plover,,,,,,,
Prärieläufer,Upland Sandpiper,,,,,,,
Dünnschnabel-Brachvogel,Slender-billed Curlew,,,,,,,
Brachvogel,Eurasian Curlew,,,,,,,
Anadyrknutt,#,,,,,,,
Tundraschlammläufer,#,,,,,,,
Moorschlammläufer,#,,,,,,,
Gelbschenkel,#,,,,,,,
Dunkelwasserläufer,#,,,,,,,
Noddi,Brown Noddy,,,,,,,
Sturmwellenläufer,#,,,,,,,
Corysturmtaucher,Cory's Shearwater,,,,,,,
Dunkelsturmtaucher,#,,,,,,,
Kappensturmtaucher,#,,,,,,,
Barolosturmtaucher,Barolo Shearwater,,,,,,,
Bulwersturmvogel,Bulwer's Petrel,,,,,,,
Rotschwanzwürger,Brown Shrike,,,,,,,
Gelbkehlvireo,Yellow-throated Vireo,,,,,,,
Rotaugenvireo,Red-eyed Vireo,,,,,,,
Alpenkrähe,Red-billed Chough,,,,,,,
Lasurmeise,Azure Tit,,,,,,,
Weißflügellerche,White-winged Lark,,,,,,,
Schwarzsteppenlerche,#,,,,,,,
Stummellerche,Lesser Short-toed Lark,,,,,,,
Middendorff-Laubsänger,Two-barred Warbler,,,,,,,
Streifenschwirl,Pallas's Grasshopper Warbler ,,,,,,,
Weißbart-Grasmücke,Subalpine Warbler,,,,,,,
Katzenspottdrossel,#,,,,,,,
Grauwangen-Musendrossel,#,,,,,,,
Zwergmusendrossel,#,,,,,,,
Einsiedler-Musendrossel,#,,,,,,,
Einfarbdrossel,Tickell's Thrush,,,,,,,
Rotkehldrossel,Red-throated Thrush,,,,,,,
Rostschwanzdrossel,Naumann's Thrush ,Dusky Thrush ,,,,,,
Blaumerle,Blue Rock Thrush,Blue Rock-Thrush ,Blue Rock-thrush ,,,,,
Mittelmeer-Steinschmätzer,Black-eared Wheatear,,,,,,,
Zypernsteinschmätzer,Cyprus Wheatear,Cyprus Pied Wheatear,,,,,,
Schafstelze,Western Yellow Wagtail,Yellow Wagtail ,Eastern Yellow Wagtail,,,,,
Taigabirkenzeisig,Common Redpoll,Mealy Redpoll,Redpoll,,,,,
Alpenbirkenzeisig,#,,,,,,,
Türkenammer,Cinereous Bunting,,,,,,,
Grünmantel-Waldsänger,#,,,,,,,
Schmuckreiher,Snowy Egret,,,,,,,
Moschusente,Muscovy Duck ,,,,,,,
Indien-Fleckschnabelente,Indian Spot-billed Duck,,,,,,,
Dunkelente,American Black Duck,Black Duck,North American Black Duck ,,,,,
Spießflughuhn,Pin-tailed Sandgrouse,,,,,,,
Spornkiebitz,Spur-winged Lapwing,Spur-winged Plover ,,,,,,
Ohrenscharbe,Double-crested Cormorant ,,,,,,,
Pharaonenibis,#,,,,,,,
Rotgesichtlöffler,#,,,,,,,
Schwarzhalsreiher,Black-headed Heron,,,,,,,
Dreifarbenreiher,Tricolored Heron,,,,,,,
Sperbergeier,Rüppell's Vulture,Rüppell's Griffon,Ruppell's Vulture,Ruppell's Griffon,Rueppell's Vulture,Rueppell's Griffon ,,
Bindenseeadler,Pallas's Fish Eagle,Pallas' Sea-Eagle,Pallas' Sea Eagle ,Pallas' Fish-eagle ,Pallas' Fish Eagle,Pallas's Fish-Eagle ,Pallas's Fish-eagle ,Pallas's Sea-Eagle 
Weißkopf-Seeadler,Bald Eagle,American Bald Eagle,,,,,,
Riesenseeadler,Steller's Sea Eagle,Steller's Sea-Eagle ,Steller's Sea-eagle ,,,,,
Virginiauhu,Great Horned Owl,,,,,,,
Azurelster,Azure-winged Magpie,,,,,,,
Mongolenstar,Daurian Starling ,Purple-backed Starling ,,,,,,
Amurdrossel,Gray-backed Thrush,Gray-backed Thrush ,,,,,,
Rußschnäpper,Dark-sided Flycatcher,Siberian Flycatcher ,,,,,,
Meisengimpel,Long-tailed Rosefinch,,,,,,,
Wiesenammer,Meadow Bunting,Siberian Meadow Bunting,,,,,,
Gelbkehlammer,Yellow-throated Bunting,Yellow-headed Bunting ,,,,,,
Fuchsammer,Fox Sparrow,Red Fox-sparrow ,,,,,,
Dachsammer,White-crowned Sparrow ,,,,,,,
Indigofink,Indigo Bunting,,,,,,,
Lazulifink,Lazuli Bunting,,,,,,,
Italiensperling,Italian Sparrow,,,,,,,
Felsentaube,Rock Pigeon,,,,,,,
